title,description,thumbnail,price,count
Kazoo,"The kazoo is an American musical instrument that adds a ""buzzing"" timbral quality to a player's voice when the player vocalizes into it.",http://img.uncyc.org/en-gb/thumb/b/b0/MetalKazoo.jpg/300px-MetalKazoo.jpg,240,3
Hand bell,"When you need to signal that dinner is ready, train pets, call order in a room, use in games or for a person to call for help, this silver tea bell is the answer",https://upload.wikimedia.org/wikipedia/commons/thumb/e/e6/Handbells_Whitechapel.jpg/1024px-Handbells_Whitechapel.jpg,599,3
Gong,"Loud and clear: the gong is suitable for various events, and by hitting the gong, users can feel power and strength",https://upload.wikimedia.org/wikipedia/commons/f/f6/HelfferichGong.jpg,4999,3
Tibetan Singing Bowl Set,This high-quality handcrafted meditation bowl set includes a wooden striker and hand sewn cushion,https://upload.wikimedia.org/wikipedia/commons/b/b1/Klangschale.jpg,2497,3
Didgeridoo,"Makes loud, fat and sexy noise, filled with life",https://upload.wikimedia.org/wikipedia/commons/c/c9/Australiandidgeridoos.jpg,2300,3
Jingle bells,With jingle bells you can become a god of percussion by the power of New Year,https://upload.wikimedia.org/wikipedia/commons/d/d4/SleighBells.jpg,1500,3
Bottle,"This ancient and beauty bottle is ideal to whistle. ""I love to whistle with bottle after hard work"" /Alex Key, front-end developer/",https://upload.wikimedia.org/wikipedia/commons/thumb/e/e3/Bouteille.jpg/800px-Bouteille.jpg,30000,3
Sport whistle,"Features a bold, crisp sound that requires less breath than traditional pealess whistles",https://upload.wikimedia.org/wikipedia/commons/5/57/Pea_Whistle.jpg,672,3
shit,it is happens,,42,3
Bazooka,It's a sugar BOOM!,,42,3
